{"accuracy": [0.5, 0.5], "loss": [0.7466617822647095, 0.769838809967041]}