{"accuracy": [0.5, 0.5], "loss": [1.44026780128479, 1.0780551433563232]}