{"accuracy": [0.5, 0.5], "loss": [1.8584614992141724, 1.2015118598937988]}